id,name,artist_id,artist_name,added_at,duration_ms,release_date,explicit,popularity,preview_url,image_url,danceability,energy,key,loudness,mode,speechiness,acousticness,instrumentalness,liveness,valence,tempo,time_signature
3PfIrDoz19wz7qK7tYeu62,Don't Start Now,6M2wZ9GZgrQXHCFfjv46we,Dua Lipa,2021-03-10T15:51:12Z,183290,2020-03-27,False,83,https://p.scdn.co/mp3-preview/ccada72f07a920a7a2a29b0c85be4ca87c21ec78?cid=774b29d4f13844c495f206cafdad9c86,https://i.scdn.co/image/ab67616d0000b273cda2c6ad6272aea9c5811a49,0.793,0.793,11,-4.521,0,0.083,0.0123,0,0.0951,0.679,123.95,4
2PLo8T3kGE9URFvBy3tUdt,It Was Always You,04gDigrS5kc9YWfZHwBETP,Maroon 5,2021-03-07T20:44:24Z,239920,2014-09-02,False,58,https://p.scdn.co/mp3-preview/ea0bca769517733934dbd2ff27d5771e31c0119e?cid=774b29d4f13844c495f206cafdad9c86,https://i.scdn.co/image/ab67616d0000b273442b53773d50e1b5369bb16c,0.613,0.765,11,-6.582,1,0.0441,0.082,1.25e-06,0.092,0.299,103.951,4
5awqGLNiSTNRtMtWve1bSA,La baie,2oVrruuEI0Dr2I4NvLtQS0,Clara Luciani,2021-01-25T18:01:44Z,230840,2018-04-06,False,54,https://p.scdn.co/mp3-preview/322e1eaf5f280d7839a159046d7e9194c8be2254?cid=774b29d4f13844c495f206cafdad9c86,https://i.scdn.co/image/ab67616d0000b2736de908475396d444b724165b,0.705,0.683,6,-5.235,0,0.0317,0.00514,0.00452,0.19,0.792,124.011,4
0F3fscqwFqD52Tpbep5hBW,Oh Man,2HHmvvSQ44ePDH7IKVzgK0,Jain,2021-01-22T14:35:21Z,204133,2018-08-24,False,54,https://p.scdn.co/mp3-preview/c38c406bc65b5a15e14a10cc31c0e2b51b2eeaa8?cid=774b29d4f13844c495f206cafdad9c86,https://i.scdn.co/image/ab67616d0000b27352900105134058b5732dd423,0.878,0.477,7,-7.431,0,0.0448,0.183,0.0299,0.0729,0.787,119.967,4
5hvwx5i67IwnCkjl9VHkNv,Diamonds,2wY79sveU1sp5g7SokKOiI,Sam Smith,2021-01-20T15:45:16Z,213869,2020-09-17,False,81,https://p.scdn.co/mp3-preview/ebb6239dc1083f4a9e5e57670dfa15d632c695e5?cid=774b29d4f13844c495f206cafdad9c86,https://i.scdn.co/image/ab67616d0000b273f207514228c0a5db1ae3b116,0.653,0.667,10,-6.764,0,0.0423,0.154,0,0.107,0.556,104.181,4
1w5QDuKJgrp7vRrINJ3PLX,"Contredanse in G, K.610 ""Les filles malicieuses""",4NJhFmfw43RLBLjQvxDuRS,Wolfgang Amadeus Mozart,2021-01-19T16:32:33Z,89840,2020-12-12,False,4,https://p.scdn.co/mp3-preview/ac2c7be733af3afeebd4988d716632ea02eb9eba?cid=774b29d4f13844c495f206cafdad9c86,https://i.scdn.co/image/ab67616d0000b273b0b15eb0a8c4838401fac5b7,0.481,0.0241,7,-22.743,1,0.0429,0.982,0.876,0.111,0.471,112.753,4
5vj59ONIVbyhcrI8ZSwoRo,Sofia,2urF8dgLVfDjunO0pcHUEe,Alvaro Soler,2021-01-10T18:03:23Z,210466,2016-07-15,False,69,https://p.scdn.co/mp3-preview/e6a77fdd3d04a2cd3507363de6b4a7c5ac68049a?cid=774b29d4f13844c495f206cafdad9c86,https://i.scdn.co/image/ab67616d0000b273b64dae8a500b06da4b5216a5,0.688,0.729,2,-5.939,1,0.0315,0.109,0,0.225,0.909,127.998,4
3BsUcp4CFmJh39OKP4qbLx,Bella Ciao - Versión Lenta de la Música Original de la Serie la Casa de Papel / Money Heist,2TJHmhbmT7L3gw2NKyDTHh,Manu Pilas,2021-01-10T17:52:08Z,116274,2018-06-22,False,58,https://p.scdn.co/mp3-preview/3dbe45de52c3d56e0af47144dbcc24368f0456f4?cid=774b29d4f13844c495f206cafdad9c86,https://i.scdn.co/image/ab67616d0000b2733e082d95832d0ee56241b8ce,0.621,0.21,5,-11.553,1,0.0308,0.952,0.00466,0.123,0.119,100.01,4
3lWzVNe1yFZlkeBBzUuZYu,Bella Ciao - Música Original de la Serie la Casa de Papel/ Money Heist,2TJHmhbmT7L3gw2NKyDTHh,Manu Pilas,2021-01-10T10:56:23Z,139844,2018-04-20,False,70,https://p.scdn.co/mp3-preview/d60d7c30199badfa7d51e42c2c2e10a96f633077?cid=774b29d4f13844c495f206cafdad9c86,https://i.scdn.co/image/ab67616d0000b273f3c7e4934b8dd9eedf69e6e5,0.46,0.564,9,-10.329,0,0.0343,0.538,0,0.191,0.962,135.178,5
6iLzFJhs4ATwJn7P1utZIJ,Light of the Seven,1hCkSJcXREhrodeIHQdav8,Ramin Djawadi,2021-01-07T19:29:42Z,589094,2016-06-24,False,62,https://p.scdn.co/mp3-preview/88eeb34c8ff3286be682569d7404abceaf73dad0?cid=774b29d4f13844c495f206cafdad9c86,https://i.scdn.co/image/ab67616d0000b273b8f0101e1dbcbb4d78b325a8,0.273,0.102,0,-16.843,0,0.0494,0.903,0.721,0.268,0.0583,120.378,4
6L7bBUqH6MSMugUQ9abOs5,Morriña,2GSXsSy3YzWsp4BXfSGucS,Baiuca,2021-01-06T15:58:06Z,171748,2018-04-06,False,41,https://p.scdn.co/mp3-preview/125ac8f944cc408a4bbd284bcd1c8f38464a87a5?cid=774b29d4f13844c495f206cafdad9c86,https://i.scdn.co/image/ab67616d0000b27349152ea77fa692fb30b4b7d1,0.676,0.789,9,-6.665,0,0.0426,0.288,0.000299,0.0832,0.77,150.025,3
7bbbAC4PvIKNO9u7IM3CBx,Miracle,31JCx1UPkfVSDBMVr1UQOR,Jaqee,2021-01-06T15:54:09Z,243894,2017-05-19,False,0,,https://i.scdn.co/image/ab67616d0000b273b5bc1dab148458e46cc00c7c,0.814,0.385,6,-9.27,1,0.0411,0.302,1.03e-05,0.0946,0.232,108.974,4
79Vz5MNH7Qe4F7hPKT8tPz,BLUE,2o5jDhtHVPhrJdv3cEQ99Z,Tiësto,2021-01-06T15:52:29Z,167858,2019-12-13,False,65,https://p.scdn.co/mp3-preview/9b52737a660315877a8506bdbc6c70af1fb089e5?cid=774b29d4f13844c495f206cafdad9c86,https://i.scdn.co/image/ab67616d0000b273263c2244af67c67910d522ee,0.744,0.725,11,-6.055,1,0.0303,0.018,9.29e-06,0.212,0.904,118.034,4
2zDnVkMjzWHB5Ko0hGeS21,Lose,4Jj4EV6aAww1m2gHfCttSX,iamyank,2021-01-06T15:34:03Z,221250,2016-04-25,False,15,https://p.scdn.co/mp3-preview/734f713c960276b8da4d6f0a83df032eda037714?cid=774b29d4f13844c495f206cafdad9c86,https://i.scdn.co/image/ab67616d0000b273e56c7bb6b81060f4c38dc76c,0.583,0.499,9,-11.884,0,0.033,0.0693,0.748,0.0995,0.0352,98.013,3
7BMfWPUoEukbTjgNbHBglS,Faust,3X1fGv94hiyQQ8Sc7GRE0K,Pavel Dovgal,2021-01-06T15:32:15Z,211377,2011-08-05,False,0,,https://i.scdn.co/image/ab67616d0000b273788517d1f0e12d9e281cfbda,0.567,0.712,6,-6.995,0,0.138,0.0986,0.704,0.119,0.0886,100.036,4
02CygBCQOIyEuhNZqHHcNx,It Runs Through Me,1uiEZYehlNivdK3iQyAbye,Tom Misch,2021-01-06T15:28:17Z,261881,2018-04-06,False,68,https://p.scdn.co/mp3-preview/6ec8dea9c6c0c1d1e512c1103c0218f3a22ea2fd?cid=774b29d4f13844c495f206cafdad9c86,https://i.scdn.co/image/ab67616d0000b2732aebf42d8901fbcd14c9eca8,0.802,0.607,11,-11.028,0,0.289,0.205,0.000748,0.246,0.274,96.916,4
0lMbuWUpfTWhEmOKxppEau,Rollin (feat. Future & Khalid),7CajNmpbOovFoOoasH2HaY,Calvin Harris,2021-01-06T15:25:24Z,272653,2017-06-30,True,62,https://p.scdn.co/mp3-preview/78fad076a030a8b36b61c1013e91c2eee5459f1e?cid=774b29d4f13844c495f206cafdad9c86,https://i.scdn.co/image/ab67616d0000b2734d3fa5ce7ba599f4fd7803ef,0.753,0.76,6,-4.518,0,0.0859,0.446,3.13e-05,0.182,0.657,91.953,4
5masKPHeAOVNgxdLebIcK7,Stole the Show,23fqKkggKUBHNkbKtXEls4,Kygo,2020-12-29T15:36:19Z,223186,2016-05-13,False,74,https://p.scdn.co/mp3-preview/b5f2f3e09b0fea531d82f960700ab517e5c9c1fd?cid=774b29d4f13844c495f206cafdad9c86,https://i.scdn.co/image/ab67616d0000b27335590cb9280d5a1f5221ae1a,0.64,0.635,8,-7.565,0,0.226,0.271,0,0.319,0.475,100.034,4
6b2RcmUt1g9N9mQ3CbjX2Y,How Do You Sleep?,2wY79sveU1sp5g7SokKOiI,Sam Smith,2020-12-29T15:29:04Z,202204,2019-07-19,False,79,https://p.scdn.co/mp3-preview/1397ccad52e0f96e586df7543c391f422911a96e?cid=774b29d4f13844c495f206cafdad9c86,https://i.scdn.co/image/ab67616d0000b27376bc1c851462191faec76bf8,0.477,0.682,1,-4.931,0,0.0925,0.153,0,0.0763,0.345,110.567,5
7KX65PC1UZuImsUInThbav,Cold Little Heart - Radio Edit,0bzfPKdbXL5ezYW2z3UGQj,Michael Kiwanuka,2020-12-28T12:35:12Z,210299,2017-02-24,False,71,https://p.scdn.co/mp3-preview/dd686e232ab69da8358fc622d03f5190d42eaa79?cid=774b29d4f13844c495f206cafdad9c86,https://i.scdn.co/image/ab67616d0000b273d38e121683bc208a4530fb22,0.629,0.58,7,-6.208,0,0.0278,0.357,0.000353,0.436,0.655,110.264,4
2kJwzbxV2ppxnQoYw4GLBZ,If the World Was Ending - feat. Julia Michaels,66W9LaWS0DPdL7Sz8iYGYe,JP Saxe,2020-12-23T14:40:28Z,208687,2019-10-17,False,85,https://p.scdn.co/mp3-preview/018d975f965ed16e92e601c53afa1c7e7ce9ab27?cid=774b29d4f13844c495f206cafdad9c86,https://i.scdn.co/image/ab67616d0000b273dedbec8cca43642f06533476,0.464,0.473,1,-10.086,1,0.129,0.866,0,0.109,0.604,75.801,4
2MlOUXmcofMackX3bxfSwi,Jerusalema (feat. Nomcebo Zikode),523y9KSneKh6APd1hKxLuF,Master KG,2020-12-22T10:21:31Z,342612,2020-01-24,False,83,https://p.scdn.co/mp3-preview/1e734a762cf8b4e07ba2adbfcad9f6be97fd0e11?cid=774b29d4f13844c495f206cafdad9c86,https://i.scdn.co/image/ab67616d0000b2739f498eeb76b82ca644bcbdc5,0.88,0.483,1,-7.012,1,0.0505,0.0185,8.68e-06,0.0607,0.827,124.009,4
0GsltzHgCGCiQvskZggDDj,Olyan Ő,1vpC76RZf9ndFkOEB7agn9,Bagossy Brothers Company,2020-12-18T21:21:43Z,226250,2019-02-14,False,52,https://p.scdn.co/mp3-preview/1dcdcb0710bcdb4fd724b0cc3e6a0719c2d501b3?cid=774b29d4f13844c495f206cafdad9c86,https://i.scdn.co/image/ab67616d0000b273d8a439102aa162c7fc2b5b3f,0.775,0.51,5,-6.043,1,0.0303,0.185,0,0.124,0.525,119.947,4
3bH4HzoZZFq8UpZmI2AMgV,New Light,0hEurMDQu99nJRq8pTxO14,John Mayer,2020-12-07T08:38:05Z,216014,2018-05-10,False,77,https://p.scdn.co/mp3-preview/213ffa7ca413185c59a8811102048c07cd74494d?cid=774b29d4f13844c495f206cafdad9c86,https://i.scdn.co/image/ab67616d0000b27321f02a52720857a42bba5417,0.828,0.689,7,-7.878,1,0.0326,0.325,0.0384,0.0808,0.853,123.931,4
6HnZTppnliARy1ZkPZmjJV,Candlelight,7nC05zmJukRGYObQeRgg3x,Jack Savoretti,2020-12-04T18:20:12Z,271586,2019-03-15,False,40,https://p.scdn.co/mp3-preview/bac693a9593d4bb204e45b3f01b2fe51498d4d79?cid=774b29d4f13844c495f206cafdad9c86,https://i.scdn.co/image/ab67616d0000b273dd09e2775bf604aec0bed9fc,0.549,0.605,7,-5.815,0,0.0275,0.114,4.65e-06,0.2,0.403,82.068,4
1AvvXBHOIxHtbtjK7png8z,Off and Away,7pXu47GoqSYRajmBCjxdD6,Vulfpeck,2020-12-03T19:34:13Z,243115,2020-10-23,False,44,https://p.scdn.co/mp3-preview/822c1b253e14a318494f692d23b9bcb4d9ae5ef8?cid=774b29d4f13844c495f206cafdad9c86,https://i.scdn.co/image/ab67616d0000b27357fc29a0e3858c14119ee634,0.468,0.258,0,-10.717,0,0.0266,0.54,0.00565,0.146,0.139,129.723,3
2nwCO1PqpvyoFIvq3Vrj8N,These Boots Are Made For Walkin',3IZrrNonYELubLPJmqOci2,Nancy Sinatra,2020-12-03T18:57:42Z,166008,1966-03,False,69,https://p.scdn.co/mp3-preview/0aa87616aa79bb31f7733582afe2df0778c1f5f5?cid=774b29d4f13844c495f206cafdad9c86,https://i.scdn.co/image/ab67616d0000b273b16991c5257c7d27033dd50a,0.74,0.392,9,-11.996,1,0.0824,0.483,1.11e-06,0.0965,0.387,82.742,4
1jpMsR7pZ56267QsvCOhci,Saving Us a Riot,0HDxlFsXwyrpufs4YgTNMm,Phoria,2020-12-02T15:41:13Z,257516,2016-06-03,False,50,https://p.scdn.co/mp3-preview/af33ada5677ad0c0ae2fda3dc3d5d8e528e8016b?cid=774b29d4f13844c495f206cafdad9c86,https://i.scdn.co/image/ab67616d0000b27336aa30fa5fedf0b068e8f2b5,0.475,0.137,3,-16.239,0,0.032,0.723,0.129,0.124,0.057,129.623,4
2v13pkbBb2UarzvSWa06WY,Toccata,2f9PTWJfMMDTAFZcvHy1Z5,OVERWERK,2020-10-11T14:11:24Z,410742,2015-11-03,False,53,https://p.scdn.co/mp3-preview/48b25a30b10be7bbc9919c840e3566adfba5ae3e?cid=774b29d4f13844c495f206cafdad9c86,https://i.scdn.co/image/ab67616d0000b273de61aeb79bfb6eeb01f10db6,0.653,0.663,2,-5.672,1,0.226,0.000213,0.61,0.0929,0.526,128.026,4
5sF7hdYvhrcgNq8NZjfK8L,Not About Angels,2WX2uTcsvV5OnS0inACecP,Birdy,2020-10-03T10:07:21Z,189475,2014-04-13,False,74,https://p.scdn.co/mp3-preview/70de02a1b9bf21e9f34e3f4e0ad243ded4d0a543?cid=774b29d4f13844c495f206cafdad9c86,https://i.scdn.co/image/ab67616d0000b273a7a7f6236a9219ffc8e9054c,0.405,0.111,0,-11.879,1,0.0369,0.964,4.37e-05,0.0872,0.219,116.86,4
2aFCXdFtYxGlNEvgXRbctK,Words Remain,6fynenqBn7lrlAgVCw5YnB,Moderator,2020-09-30T13:39:06Z,207283,2015-02-19,False,0,,https://i.scdn.co/image/ab67616d0000b2732dbd708cc1682f71c7ee2b4c,0.619,0.694,5,-8.296,1,0.0402,0.408,0.594,0.142,0.717,80.764,4
1kQjyyI3xZixtByFizxlXE,Ndokulandela,5upKpIk1pv0hh0u2gwblwy,Bongeziwe Mabandla,2020-09-30T13:38:54Z,231625,2017-05-12,False,56,https://p.scdn.co/mp3-preview/6b57b10ff98770a05a5477fbae657c8e868602a9?cid=774b29d4f13844c495f206cafdad9c86,https://i.scdn.co/image/ab67616d0000b2737df0ac0ade23ba1139ca6eac,0.662,0.575,7,-9.573,1,0.0413,0.132,4.65e-05,0.113,0.366,107.058,4
0VjIjW4GlUZAMYd2vXMi3b,Blinding Lights,1Xyo4u8uXC1ZmMpatF05PJ,The Weeknd,2020-09-19T21:05:30Z,200040,2020-03-20,False,96,https://p.scdn.co/mp3-preview/2f860d8f53b4f34dbef1053890845a8a162fba82?cid=774b29d4f13844c495f206cafdad9c86,https://i.scdn.co/image/ab67616d0000b2738863bc11d2aa12b54f5aeb36,0.514,0.73,1,-5.934,1,0.0598,0.00146,9.54e-05,0.0897,0.334,171.005,4
4JtvyWkWQTPVcroZf8JJkp,Heart of Courage,6BF0bXbsdujMSMeFZBGcBq,Thomas Bergersen,2020-09-15T20:01:23Z,117394,2010-05-03,False,65,https://p.scdn.co/mp3-preview/14281b9f28c72c987dbc73fb1a542667f8806633?cid=774b29d4f13844c495f206cafdad9c86,https://i.scdn.co/image/ab67616d0000b2738f5636c9f7c8e432f81fe29a,0.403,0.591,1,-8.126,1,0.0514,0.511,0.896,0.108,0.192,135.047,4
1DFD5Fotzgn6yYXkYsKiGs,Piece Of Your Heart,0xRXCcSX89eobfrshSVdyu,MEDUZA,2020-09-14T16:37:44Z,152913,2019-02-01,False,81,https://p.scdn.co/mp3-preview/8755c18fb7a8908c166200d1b4d35639a9b07dd9?cid=774b29d4f13844c495f206cafdad9c86,https://i.scdn.co/image/ab67616d0000b273ead13021d0f2957958081f28,0.677,0.744,10,-6.806,0,0.0295,0.0404,0.00016,0.074,0.631,124.08,4
67lnQ6r4oWKZcM8VxSwHq2,Say Something - Zac Samuel Remix,1QOHbhVRpDoNtRkz79si6b,Karen Harding,2020-09-12T06:00:48Z,213135,2014-01-01,False,0,,https://i.scdn.co/image/ab67616d0000b2730092f74a1a782d6620299a89,0.697,0.676,7,-6.134,1,0.0412,0.0101,2.66e-06,0.141,0.707,119.988,4
7fPuWrlpwDcHm5aHCH5D9t,Roses - Imanbek Remix,0H39MdGGX6dbnnQPt6NQkZ,SAINt JHN,2020-09-12T05:57:53Z,176218,2019-09-13,True,19,,https://i.scdn.co/image/ab67616d0000b2732b6e2fb9f84af69f55dc6b77,0.785,0.721,8,-5.457,1,0.0506,0.0149,0.00432,0.285,0.894,121.962,4
4wosxLl0mAqhneDzya2MfY,Head & Heart (feat. MNEK),6DgP9otnZw5z6daOntINxp,Joel Corry,2020-09-12T05:57:37Z,166028,2020-07-03,False,73,https://p.scdn.co/mp3-preview/6b1769a6abda6a8120bdc4bf7ee9d718fc7cf3c2?cid=774b29d4f13844c495f206cafdad9c86,https://i.scdn.co/image/ab67616d0000b273919ce7482816d9da17a77e3a,0.732,0.874,8,-3.158,1,0.0662,0.168,1.17e-05,0.0489,0.905,122.961,4
0E9ZjEAyAwOXZ7wJC0PD33,In My Mind,3v6Ji4uoWtKRkhuDUaxi9n,Dynoro,2020-09-10T11:51:28Z,184560,2018-06-08,False,81,https://p.scdn.co/mp3-preview/93c16bb3fc2389f39db64a559ddac0d84bb15e4b?cid=774b29d4f13844c495f206cafdad9c86,https://i.scdn.co/image/ab67616d0000b27328a8a05c3a7ba952c7615ab9,0.694,0.77,6,-5.335,1,0.149,0.176,1.1e-05,0.118,0.163,125.905,4
4nH1PPjASLJ5ePYIyGB4D7,Passion Is a Dying Theme,3HrczLBDJXJu6dJWEMbKHa,Garden City Movement,2020-09-09T12:34:47Z,200632,2018-03-16,False,18,https://p.scdn.co/mp3-preview/2de9bd82d22aec2ca2d5c5a6b34389868214186e?cid=774b29d4f13844c495f206cafdad9c86,https://i.scdn.co/image/ab67616d0000b273eb9bf339791178a92248c092,0.595,0.658,1,-6.782,0,0.0497,0.0566,0.232,0.113,0.231,86.944,4
1aBL7hGElHgydpTQmWvQGQ,My Only Love,3HrczLBDJXJu6dJWEMbKHa,Garden City Movement,2020-09-09T12:33:55Z,206824,2015-03-02,False,37,https://p.scdn.co/mp3-preview/2b1c0fc307b0766b5864727881d84ba842a47bf0?cid=774b29d4f13844c495f206cafdad9c86,https://i.scdn.co/image/ab67616d0000b273b106a791c42c80486da18bc9,0.753,0.797,1,-5.112,1,0.0483,0.00228,0.178,0.136,0.505,111.995,4
6705wcrwrj3Z9QvvsCQpng,Foreign Affair,3HrczLBDJXJu6dJWEMbKHa,Garden City Movement,2020-09-09T12:33:47Z,158314,2018-03-16,False,36,https://p.scdn.co/mp3-preview/fb8757b0c09256c6495037058c98a371da7b041f?cid=774b29d4f13844c495f206cafdad9c86,https://i.scdn.co/image/ab67616d0000b273eb9bf339791178a92248c092,0.599,0.69,2,-6.306,0,0.0419,0.0176,0.0847,0.397,0.809,172.05,4
5Q5sQ1AgLQ1wKKXIYt6FGC,Elements,378dH6EszOLFShpRzAQkVM,Lindsey Stirling,2020-09-09T12:31:18Z,247422,2012,False,49,https://p.scdn.co/mp3-preview/896e0b2a2a2aac004b1a2b30e7aa4604d590f767?cid=774b29d4f13844c495f206cafdad9c86,https://i.scdn.co/image/ab67616d0000b27379e8b529ce6c088a8027b2a1,0.423,0.746,0,-6.912,1,0.0582,0.0385,1.33e-05,0.21,0.214,139.804,4
0byPyCPX9mfGMiAGVZxasq,Carol Of The Bells,378dH6EszOLFShpRzAQkVM,Lindsey Stirling,2020-09-09T12:29:33Z,166093,2018-10-19,False,59,https://p.scdn.co/mp3-preview/00e2dfcadbd91f9689709666af88d59f77630304?cid=774b29d4f13844c495f206cafdad9c86,https://i.scdn.co/image/ab67616d0000b273b4a35e290c22d73c16df1f7b,0.227,0.66,4,-5.993,0,0.0759,0.0274,0.000538,0.0787,0.27,167.956,3
5SFT1Af2nKbTIdGkAtDfut,The Room,00sazWvoTLOqg5MFwC68Um,Yann Tiersen,2020-09-09T12:17:05Z,108800,1996,False,24,https://p.scdn.co/mp3-preview/5524c55b29423feb15ed81c798e0967d3bbe2933?cid=774b29d4f13844c495f206cafdad9c86,https://i.scdn.co/image/ab67616d0000b273c2d418a5d9c48111f43277cc,0.736,0.721,10,-11.746,0,0.0655,0.465,0.823,0.0536,0.294,122.128,4
01Q55Xv60Gr56abx5ad5vK,La Valse d'Amélie - Version originale,00sazWvoTLOqg5MFwC68Um,Yann Tiersen,2020-09-09T12:16:27Z,135906,2001-04-23,False,54,https://p.scdn.co/mp3-preview/02be80958333bcaf227a1e74b0c074b249d0af47?cid=774b29d4f13844c495f206cafdad9c86,https://i.scdn.co/image/ab67616d0000b273744df0b9856350ecdeae5729,0.433,0.564,9,-8.917,0,0.0405,0.713,0.275,0.117,0.855,192.073,3
6NVL8mWHlGAoK2UVIL6k9w,Rue des Cascades - Portrait Version,00sazWvoTLOqg5MFwC68Um,Yann Tiersen,2020-09-09T12:15:54Z,381546,2019-12-06,False,39,https://p.scdn.co/mp3-preview/9d3c5cb729d1e49caa0e3423b893ef0f85d00581?cid=774b29d4f13844c495f206cafdad9c86,https://i.scdn.co/image/ab67616d0000b273824d15f112342ebfc02abaa1,0.321,0.219,1,-16.895,0,0.048,0.907,0.303,0.131,0.127,131.354,4
3TPVtZI8iS8kcf9d6CzL86,P'ra Ti,7crp1tZcefnjT5RuL6WZQ0,Slow J,2020-09-04T13:13:47Z,111864,2017-03-17,False,28,https://p.scdn.co/mp3-preview/c8b46caf0a7e8a5d843ee59449e327d9c55bf4ea?cid=774b29d4f13844c495f206cafdad9c86,https://i.scdn.co/image/ab67616d0000b273d009f84cc51ef97cab77e360,0.837,0.0653,2,-16.494,1,0.0895,0.804,0.00216,0.0819,0.636,59.509,4
5oGOwG8FhaKQyXrruJKkk6,Só Queria Sorrir,7crp1tZcefnjT5RuL6WZQ0,Slow J,2020-09-03T12:04:08Z,222642,2019-09-20,False,47,https://p.scdn.co/mp3-preview/d585666b29ece1430aa550d493f02921d755ec15?cid=774b29d4f13844c495f206cafdad9c86,https://i.scdn.co/image/ab67616d0000b2734b44132d6897c8b19f37c065,0.716,0.567,6,-7.537,0,0.0612,0.39,0.00121,0.111,0.399,82.993,4
29VCBGUAAU8sFTdjdUQ1wA,Pokor Lèr,3RR7yaMwyMZ00dVrXmO8ow,Saodaj',2020-08-30T11:36:13Z,261146,2018-06-01,False,34,https://p.scdn.co/mp3-preview/a43bfc05fc48503fd65d2c7287c2611840fcc4dd?cid=774b29d4f13844c495f206cafdad9c86,https://i.scdn.co/image/ab67616d0000b273a172548db8df0c10507bd8af,0.616,0.491,1,-9.438,0,0.0747,0.0313,0.00306,0.111,0.321,153.815,4
7eMBDipvMwVnYiMe0yrS5x,Perdus,3QVolfxko2UyCOtexhVTli,Angèle,2020-08-28T18:31:21Z,183682,2019-10-10,False,54,https://p.scdn.co/mp3-preview/7f5131593e3cb78ad2c7b16c635eef09e2ecbdf4?cid=774b29d4f13844c495f206cafdad9c86,https://i.scdn.co/image/ab67616d0000b2734dfa92474b1989012165b1e8,0.604,0.521,6,-8.114,0,0.0382,0.817,0,0.108,0.462,137.823,4
1ULzttQgU3Q9EaIpdoxF1T,Le Onde,2uFUBdaVGtyMqckSeCl0Qj,Ludovico Einaudi,2020-08-26T09:37:51Z,324015,1994-10-01,False,57,https://p.scdn.co/mp3-preview/7ad85ff32a0ecb663be323d1a94240ea6f55a863?cid=774b29d4f13844c495f206cafdad9c86,https://i.scdn.co/image/ab67616d0000b273a2340d486947b68f6772c10d,0.242,0.154,2,-26.525,1,0.0564,0.975,0.897,0.0964,0.0489,123.077,3
4PhY4RrJmkSL76YwY3ZVWL,Drinking From The Well,5n5U9orzCuRmnVsmQ3G1IM,Stefan Jós,2020-08-26T09:37:14Z,436000,2017-03-17,False,4,https://p.scdn.co/mp3-preview/1ceb6ce66e1d31c2446c33cceb579949a4c616a4?cid=774b29d4f13844c495f206cafdad9c86,https://i.scdn.co/image/ab67616d0000b2738447ea33b1286c5b3b4a5fab,0.796,0.692,2,-18.25,1,0.0838,0.0599,0.902,0.0925,0.0613,125.0,4
2TxHfUvF3W9ppHVqTlT2kj,Static Scene,7Czyyo31ZyZL1VLtYaTkW0,Patricia,2020-08-26T09:36:00Z,338595,2017-03-17,False,4,https://p.scdn.co/mp3-preview/7be9f2ad0b77751b295108c7ff5bf07a4d3ec36f?cid=774b29d4f13844c495f206cafdad9c86,https://i.scdn.co/image/ab67616d0000b2738447ea33b1286c5b3b4a5fab,0.754,0.642,6,-13.76,1,0.0472,0.0524,0.945,0.107,0.386,123.99,4
5HwnezK198pJCEj1l2Adjy,She Loves Control,4nDoRrQiYLoBzwC5BhVJzF,Camila Cabello,2020-08-25T18:10:07Z,177160,2018-01-12,False,63,https://p.scdn.co/mp3-preview/161df08e7f876e568b7f826dab9456a05d78264f?cid=774b29d4f13844c495f206cafdad9c86,https://i.scdn.co/image/ab67616d0000b2736eb0b9e73adcf04e4ed3eca4,0.65,0.758,2,-4.02,1,0.116,0.166,0,0.0889,0.663,94.9,4
7nKBxz47S9SD79N086fuhn,SUBEME LA RADIO (feat. Descemer Bueno & Zion & Lennox),7qG3b048QCHVRO5Pv1T5lw,Enrique Iglesias,2020-08-18T13:40:08Z,208162,2017-02-24,False,72,https://p.scdn.co/mp3-preview/0c5945ac04ea45dbc3f44615241bc070415a80f0?cid=774b29d4f13844c495f206cafdad9c86,https://i.scdn.co/image/ab67616d0000b2735366ff028970205a29d558ed,0.684,0.823,9,-3.297,0,0.0773,0.0744,0,0.111,0.647,91.048,4
1ugQtcwmKOXvKAYzhjncmv,Half A Man,3QSQFmccmX81fWCUSPTS7y,Dean Lewis,2020-08-12T12:58:34Z,179120,2019-03-22,False,76,https://p.scdn.co/mp3-preview/b26d8a4669bdb3a1185018e93e107eb514828dac?cid=774b29d4f13844c495f206cafdad9c86,https://i.scdn.co/image/ab67616d0000b273a787f718fb485b66d6219247,0.507,0.204,0,-11.575,1,0.0504,0.855,0,0.143,0.343,77.765,4
2TIlqbIneP0ZY1O0EzYLlc,Someone You Loved,4GNC7GD6oZMSxPGyXy4MNB,Lewis Capaldi,2020-08-12T12:52:42Z,182160,2018-11-08,False,80,https://p.scdn.co/mp3-preview/766ff3dba2d64b22de6c947cb08c75a6ff633612?cid=774b29d4f13844c495f206cafdad9c86,https://i.scdn.co/image/ab67616d0000b273b280aea74eef855675d7b93b,0.501,0.405,1,-5.679,1,0.0319,0.751,0,0.105,0.446,109.891,4
3tCwjWLicbjsMCvXhN0WOE,Rude,0DxeaLnv6SyYk2DOqkLO8c,MAGIC!,2020-08-12T12:47:37Z,224773,2013-10-11,False,67,https://p.scdn.co/mp3-preview/9b3bd39a3460c7678e2ec2db2f05fe986797d137?cid=774b29d4f13844c495f206cafdad9c86,https://i.scdn.co/image/ab67616d0000b2730ee3a8b1f9762f0a1e69385d,0.743,0.807,1,-3.78,1,0.0364,0.0435,0,0.309,0.899,144.062,4
7eheoW4hxrH51ww2QePVwF,Gonna Make You Sweat (Everybody Dance Now),7krx6UBDKLwE0q3s3fesqF,C & C Music Factory,2020-08-12T11:21:14Z,244093,1990,False,66,https://p.scdn.co/mp3-preview/7a0ca54b2dfa2a3cc054960c0f122904460d1a18?cid=774b29d4f13844c495f206cafdad9c86,https://i.scdn.co/image/ab67616d0000b273bf6cc1130a676e73730f6311,0.557,0.798,6,-7.405,1,0.0935,0.000851,0.675,0.183,0.794,112.187,4
6b2oQwSGFkzsMtQruIWm2p,Creep,4Z8W4fKeB5YxbusRsdQVPb,Radiohead,2020-08-07T11:45:47Z,238640,1993-02-22,True,46,,https://i.scdn.co/image/ab67616d0000b2732f85b65d3ac4d3d7f806ca11,0.515,0.43,7,-9.935,1,0.0369,0.0102,0.000141,0.129,0.104,91.841,4
7aBGmvIMPhysITXJU2q3g7,The Rock Doc,6Qm9stX6XO1a4c7BXQDDgc,Fruit Bats,2020-07-31T20:56:50Z,221254,2016-11-17,True,37,https://p.scdn.co/mp3-preview/0ad32f4093f2d76cb97d25a3db7861f7b09a6ea0?cid=774b29d4f13844c495f206cafdad9c86,https://i.scdn.co/image/ab67616d0000b27322e4509ccba9cb4613f5e449,0.862,0.23,0,-21.312,1,0.0556,0.359,0.000143,0.103,0.549,126.015,4
6Xtb1w2ooURsLUa4cBvyRt,"Sway, Sway",5v5c1zBRKBwkDh4sQEHcMx,Heinali,2020-07-31T13:47:37Z,293800,2013-12-14,False,41,https://p.scdn.co/mp3-preview/de3fa2a1dad1ba25d0d9f342a862a4bb81857b4c?cid=774b29d4f13844c495f206cafdad9c86,https://i.scdn.co/image/ab67616d0000b27363c86d1904b940e3380b609f,0.637,0.232,4,-15.109,0,0.0277,0.992,0.904,0.11,0.307,99.975,4
2Zg0aB5oVQlbQE1vzQmIIY,Hurt Somebody,2RQXRUsr4IW1f3mKyKsy4B,Noah Kahan,2020-07-30T17:36:00Z,167106,2019-06-14,False,67,https://p.scdn.co/mp3-preview/b35c47856cca599c01e035837ee9e7cdfeb31af9?cid=774b29d4f13844c495f206cafdad9c86,https://i.scdn.co/image/ab67616d0000b273a82b6363eb1895f2e9aae530,0.638,0.51,1,-6.485,1,0.305,0.344,0,0.212,0.448,114.576,4
0Fs0pr0lq3408wD1cemNll,Love Songs,25u4wHJWxCA9vO0CzxAbK7,Lukas Graham,2020-07-23T14:29:51Z,191118,2020-05-01,False,57,https://p.scdn.co/mp3-preview/b3daf9ec0892c2716d6534a0d8e8e8c50d6f31a3?cid=774b29d4f13844c495f206cafdad9c86,https://i.scdn.co/image/ab67616d0000b273a35d2cea43b7ca82c8cef110,0.789,0.709,11,-5.157,0,0.294,0.261,0,0.146,0.656,88.048,4
1e9oZCCiX42nJl0AcqriVo,Watermelon Sugar,6KImCVD70vtIoJWnq6nGn3,Harry Styles,2020-07-13T10:55:24Z,174000,2019-11-17,False,77,https://p.scdn.co/mp3-preview/0c51b5f7ed852504844feebfb4f4b7f099452662?cid=774b29d4f13844c495f206cafdad9c86,https://i.scdn.co/image/ab67616d0000b2737cf2b9825bb43083d123ac22,0.548,0.816,0,-4.209,1,0.0465,0.122,0,0.335,0.557,95.39,4
2b8fOow8UzyDFAE27YhOZM,Memories,04gDigrS5kc9YWfZHwBETP,Maroon 5,2020-07-08T18:28:39Z,189486,2019-09-20,False,87,https://p.scdn.co/mp3-preview/d7527c763d2a23c25299a886ad161ffaad6294e3?cid=774b29d4f13844c495f206cafdad9c86,https://i.scdn.co/image/ab67616d0000b273b8c0135a218de2d10a8435f5,0.764,0.32,11,-7.209,1,0.0546,0.837,0,0.0822,0.575,91.019,4
5KxRloAFzOOD6SWBdDGvRe,Moon Trance,378dH6EszOLFShpRzAQkVM,Lindsey Stirling,2020-07-05T14:08:37Z,235960,2012,False,0,,https://i.scdn.co/image/ab67616d0000b273595a1722d020bb3b0cae35f2,0.614,0.872,4,-5.004,0,0.0392,0.0338,0.815,0.264,0.261,128.019,4
0T7C3cu09QkOZUFwJODSgb,Shadows,378dH6EszOLFShpRzAQkVM,Lindsey Stirling,2020-07-05T14:07:59Z,223453,2012,False,0,,https://i.scdn.co/image/ab67616d0000b273595a1722d020bb3b0cae35f2,0.625,0.837,0,-7.424,1,0.0963,0.00491,0.0487,0.097,0.322,125.982,4
3B7udSGy2PfgoCniMSb523,"I See Fire - From ""The Hobbit - The Desolation Of Smaug""",6eUKZXaKkcviH0Ku9w2n3V,Ed Sheeran,2020-07-04T13:30:06Z,300840,2013-01-01,False,74,https://p.scdn.co/mp3-preview/3b2438793a5688ee857891b8a04feb35eb89b47e?cid=774b29d4f13844c495f206cafdad9c86,https://i.scdn.co/image/ab67616d0000b27381ef6477bfe32dc55845ef27,0.581,0.0549,10,-20.514,0,0.0397,0.559,0,0.0718,0.234,152.037,4
37f4ITSlgPX81ad2EvmVQr,Fight Song,3QLIkT4rD2FMusaqmkepbq,Rachel Platten,2020-07-04T12:57:42Z,204013,2016-01-01,False,79,https://p.scdn.co/mp3-preview/e637c2d18133fe780d89df9e603028661a19c818?cid=774b29d4f13844c495f206cafdad9c86,https://i.scdn.co/image/ab67616d0000b273a9e4d7fae5dfcc8f9cc96bc9,0.564,0.714,7,-4.987,1,0.129,0.0549,0,0.155,0.33,175.924,4
305WCRhhS10XUcH6AEwZk6,Are You Gonna Be My Girl,5ypxebeHEIXjMtJb17uJlI,Jet,2020-06-25T16:33:28Z,213800,2003-09-15,False,75,https://p.scdn.co/mp3-preview/f0e6e6d1835303097ef22037f333f8c057463146?cid=774b29d4f13844c495f206cafdad9c86,https://i.scdn.co/image/ab67616d0000b273d06bd6d3b1f258ba2bca597a,0.613,0.953,2,-3.435,1,0.0855,0.00148,0.000582,0.152,0.537,105.046,4
6QgjcU0zLnzq5OrUoSZ3OK,Feel It Still,4kI8Ie27vjvonwaB2ePh8T,Portugal. The Man,2020-06-23T08:40:32Z,163253,2017-06-16,False,78,https://p.scdn.co/mp3-preview/c32d9479367a99fcf5f881e23e1381e6f87214e9?cid=774b29d4f13844c495f206cafdad9c86,https://i.scdn.co/image/ab67616d0000b273af52c228c9619ff6298b08cd,0.801,0.795,1,-5.115,0,0.0504,0.0417,0.000113,0.0717,0.754,79.028,4
4oIOXVdUUHaxLyeosHWABU,Malaguena Salerosa,1gIDi1FjEZDnEwa0kco2zw,Chingon,2020-06-19T05:27:18Z,245840,2004-04-13,False,48,https://p.scdn.co/mp3-preview/6a0a0fdc965eba05166b7f5604a3d436d54f8a31?cid=774b29d4f13844c495f206cafdad9c86,https://i.scdn.co/image/ab67616d0000b2739adff911989f44527bdfb7ee,0.293,0.777,4,-7.902,0,0.0361,0.699,0.00073,0.291,0.559,171.321,3
2oZSBEtzUtq70iQwpNjrnk,Malagueña Salerosa,0nmQIMXWTXfhgOBdNzhGOs,Avenged Sevenfold,2020-06-19T05:25:39Z,254984,2017-12-22,False,51,https://p.scdn.co/mp3-preview/db1f327a6b1bf16fbab6b9b489c10616da80a75d?cid=774b29d4f13844c495f206cafdad9c86,https://i.scdn.co/image/ab67616d0000b2734843e0f824a00334e811279c,0.204,0.921,4,-6.888,0,0.0543,0.0261,0.00128,0.0769,0.686,172.525,3
3RvAgjl7XzMzKNz4EXWsoQ,Pirouette 1 - Just Be,50HZSBxcXQODO6MNW4zUE3,Christopher N Hobson,2020-06-16T07:39:11Z,204285,2013-06-21,False,9,https://p.scdn.co/mp3-preview/54f5ca9295bf7b1273dcb32628fd4610a844b45a?cid=774b29d4f13844c495f206cafdad9c86,https://i.scdn.co/image/ab67616d0000b273595322c3c5571ed879b9b21b,0.605,0.139,5,-22.116,1,0.0494,0.967,0.911,0.146,0.147,125.992,3
2QbFClFyhMMtiurUjuQlAe,Don't Wanna Know (feat. Kendrick Lamar),04gDigrS5kc9YWfZHwBETP,Maroon 5,2020-06-12T18:29:36Z,214265,2017-11-03,False,0,,https://i.scdn.co/image/ab67616d0000b2739ccf08d3f74b36b7880522b5,0.775,0.617,7,-6.166,1,0.0701,0.341,0,0.0985,0.485,100.048,4
1pWOJi4RBIJfE1EG9Lapa7,L'aérogramme de Los Angeles,44TGR1CzjKBxSHsSEy7bi9,Woodkid,2020-06-11T18:38:54Z,211787,2018-04-11,False,46,https://p.scdn.co/mp3-preview/189c2de2b255904bd505db43e275357b32d69f83?cid=774b29d4f13844c495f206cafdad9c86,https://i.scdn.co/image/ab67616d0000b2733e54cd3c99e55878ac50ab17,0.229,0.253,2,-12.366,0,0.0314,0.699,0.468,0.0699,0.0644,139.778,5
1hOHz9pmlqNVxHE1fyzbkr,Let Me Love the Lonely,4IWBUUAFIplrNtaOHcJPRM,James Arthur,2020-06-03T15:01:07Z,172386,2016-10-28,False,53,https://p.scdn.co/mp3-preview/9474336a54e2b3be96e95b378e37dd704490544e?cid=774b29d4f13844c495f206cafdad9c86,https://i.scdn.co/image/ab67616d0000b27320beb61f61fcbeb33b10a9ab,0.295,0.38,8,-7.903,1,0.0404,0.706,1.45e-06,0.143,0.122,178.103,4
6w8pFOKn42O418qwcQElZ3,Waves,3QSQFmccmX81fWCUSPTS7y,Dean Lewis,2020-03-10T11:16:09Z,240013,2019-03-22,False,77,https://p.scdn.co/mp3-preview/5802656de25d00961463b372f81b6982124d4ce1?cid=774b29d4f13844c495f206cafdad9c86,https://i.scdn.co/image/ab67616d0000b273a787f718fb485b66d6219247,0.518,0.729,11,-7.193,0,0.0452,0.183,0,0.0643,0.343,156.879,4
5Sf3GyLEAzJXxZ5mbCPXTu,Waves - Robin Schulz Radio Edit,33W1pnW9zScZtYTnAoWnOT,Mr. Probz,2020-03-09T10:35:34Z,208133,2014-02-07,False,26,,https://i.scdn.co/image/ab67616d0000b273067dfba04c23ce2887041fff,0.829,0.51,5,-9.334,0,0.0369,0.00821,0.0014,0.0829,0.45,119.993,4
4Qrxdjj3nFhjrqcnUU5r6a,Shine,5vBSrE1xujD2FXYRarbAXc,Years & Years,2020-03-09T10:34:55Z,255506,2015-07-10,False,57,https://p.scdn.co/mp3-preview/055379e2287fe51011cd46daab83f76ca7967ec9?cid=774b29d4f13844c495f206cafdad9c86,https://i.scdn.co/image/ab67616d0000b2738205fc91939f7cfd12c3fe78,0.667,0.716,1,-5.21,0,0.0349,0.189,0,0.104,0.493,108.002,4
3KZcrZ36LW9RnChK1iIkth,Send My Love (To Your New Lover),4dpARuHxo51G3z768sgnrY,Adele,2020-03-09T10:30:50Z,223078,2015-11-20,False,36,,https://i.scdn.co/image/ab67616d0000b2735ffbbc3dca25d5c81491af1f,0.688,0.532,6,-8.361,0,0.0875,0.0356,3.08e-06,0.172,0.565,164.068,4
1FSWSs9CL01RCYxXtm08Rf,Dance with Me Tonight,3whuHq0yGx60atvA2RCVRW,Olly Murs,2020-03-09T10:30:18Z,202226,2011-11-28,False,70,https://p.scdn.co/mp3-preview/882a4b1505b9bedf8fe156080cebb23193b3540b?cid=774b29d4f13844c495f206cafdad9c86,https://i.scdn.co/image/ab67616d0000b273ff2057b7343d2233451ff8e7,0.672,0.748,11,-5.922,0,0.0589,0.305,0,0.0811,0.964,163.984,4
3cNjgVBKTJ1SvKhunrCdVy,Please Don't Go,36jaGQtMj5UWD0eO1fCVdD,Joel Adams,2020-03-04T15:32:19Z,210580,2015-11-06,False,74,https://p.scdn.co/mp3-preview/40e609def3e6b83f48018c17492598f982e9832f?cid=774b29d4f13844c495f206cafdad9c86,https://i.scdn.co/image/ab67616d0000b2733a22ad98e76e2d0c1760345d,0.513,0.768,4,-4.868,0,0.0587,0.0118,1.94e-05,0.294,0.235,84.264,4
3vjQt1znaFEnX3PBXsgtVc,Next To Me,7sfgqEdoeBTjd8lQsPT3Cy,Emeli Sandé,2020-03-02T15:56:04Z,196746,2012-01-01,False,60,https://p.scdn.co/mp3-preview/d868a036f72b3892bb2944409ad60db767aed984?cid=774b29d4f13844c495f206cafdad9c86,https://i.scdn.co/image/ab67616d0000b273623108b3d24c016e5a14374b,0.664,0.799,7,-5.121,0,0.0368,0.0932,0.000108,0.105,0.35,94.991,4
78zUxUPvONPgMIt46q5be6,Please Keep Loving Me,0B3N0ZINFWvizfa8bKiz4v,James TW,2020-03-02T15:49:52Z,195920,2017-07-28,False,69,https://p.scdn.co/mp3-preview/2f5d1619514a86e967a02c89981bfce818f40365?cid=774b29d4f13844c495f206cafdad9c86,https://i.scdn.co/image/ab67616d0000b2732453070d2f3f3a7f67fb94b5,0.537,0.469,5,-8.486,1,0.0764,0.117,1.78e-06,0.106,0.294,175.971,4
0zbzrhfVS9S2TszW3wLQZ7,September Song,4kYGAK2zu9EAomwj3hXkXy,JP Cooper,2020-03-02T15:04:38Z,220290,2017-10-06,False,73,https://p.scdn.co/mp3-preview/3f3a8f7c45b5392d702b9c94b4cf8898dcb6ca19?cid=774b29d4f13844c495f206cafdad9c86,https://i.scdn.co/image/ab67616d0000b273c27b53492a2ee7fcebd74d6e,0.614,0.615,0,-6.7,0,0.0444,0.054,0,0.0921,0.374,95.941,4
0L9lXMXddmoBbBUeF7A9An,Nervous (The Ooh Song) - Mark McCabe Remix,25tMQOrIU4LlUo6Sv8v5SE,Gavin James,2020-03-02T14:56:31Z,195194,2016-06-24,False,53,https://p.scdn.co/mp3-preview/390cfa79c6b6bfa424a6685312cd6fa3f949f07c?cid=774b29d4f13844c495f206cafdad9c86,https://i.scdn.co/image/ab67616d0000b273a643e6c6a848c153e9b9068d,0.432,0.874,7,-5.558,1,0.0462,0.0732,6.14e-06,0.371,0.374,103.85,4
0IR0twnckQoKMgbnPf5uw0,"6, 8, 12",6k0IBR0lU42s2GYpNX7kA9,Brian McKnight,2020-03-02T14:49:10Z,247466,1999-09-21,False,62,https://p.scdn.co/mp3-preview/8e40c0632b8e5e1979719bb87b677fbcb9b0979f?cid=774b29d4f13844c495f206cafdad9c86,https://i.scdn.co/image/ab67616d0000b273e9da8645c59d76e7f35dff6e,0.716,0.34,7,-9.876,0,0.0282,0.488,2.73e-05,0.11,0.372,126.921,4
7gd01LMH2gBcoDngSt8sq9,Next To You (feat. Justin Bieber),7bXgB6jMjp9ATFy66eO08Z,Chris Brown,2020-03-02T12:34:48Z,265813,2011-03-22,False,71,https://p.scdn.co/mp3-preview/ebdd6e26bd4d59fc05b31c5ce3cd50ad93c85a4b?cid=774b29d4f13844c495f206cafdad9c86,https://i.scdn.co/image/ab67616d0000b2730a1d20ec09cab4bb17a36aab,0.67,0.676,8,-4.725,1,0.037,0.0201,0,0.11,0.349,114.974,4
0qvzXomUDJVaUboy2wMfiS,This Town,1Hsdzj7Dlq2I7tHP7501T4,Niall Horan,2020-03-02T12:30:10Z,232852,2017-10-20,False,77,https://p.scdn.co/mp3-preview/abe61e6005a02a096d0d7d198eddcd4a37ccc1f7?cid=774b29d4f13844c495f206cafdad9c86,https://i.scdn.co/image/ab67616d0000b2735bac234d5511248b248caf36,0.677,0.401,9,-8.467,1,0.0308,0.712,0,0.116,0.195,111.825,4
3U4isOIWM3VvDubwSI3y7a,All of Me,5y2Xq6xcjJb2jVM54GHK3t,John Legend,2020-03-02T12:18:14Z,269560,2013-08-30,False,86,https://p.scdn.co/mp3-preview/488c53471e56ff9f629652691444438951e880bb?cid=774b29d4f13844c495f206cafdad9c86,https://i.scdn.co/image/ab67616d0000b27394c9217a398f5174757c0c78,0.422,0.264,8,-7.064,1,0.0322,0.922,0,0.132,0.331,119.93,4
6fhApGZALHXQ5AMrUeQgI3,Dernière danse,0FEJqmeLRzsXj8hgcZaAyB,Indila,2020-02-26T14:59:49Z,213493,2014-01-01,False,0,,https://i.scdn.co/image/ab67616d0000b2739abdd3f89b97298656b799f9,0.669,0.449,0,-7.658,0,0.0489,0.184,0,0.0729,0.327,114.926,4
1a1r5s7ivXUVQQrIvo5VSs,Love Me Again,34v5MVKeQnIo0CWYMbbrPf,John Newman,2020-02-25T20:09:38Z,239894,2013-01-01,False,0,,https://i.scdn.co/image/ab67616d0000b273e1c5c70a17902baeb207f6b0,0.5,0.892,2,-4.714,0,0.0433,0.00445,0.000422,0.0969,0.233,126.019,4
6fFTPGGItuEpjwXRUIr4rk,comethru,3gIRvgZssIb9aiirIg0nI3,Jeremy Zucker,2020-02-25T17:51:21Z,181520,2018-09-07,False,0,,https://i.scdn.co/image/ab67616d0000b27379d5873e77f6af04632a3bab,0.798,0.175,0,-12.603,1,0.0594,0.603,0,0.625,0.633,93.994,4
69vToJ9BMbbLlFZo7k7A7B,You Are The Reason,6ydoSd3N2mwgwBHtF6K7eX,Calum Scott,2020-02-25T15:31:19Z,204326,2018-03-09,False,82,https://p.scdn.co/mp3-preview/71f6b1573297d0f9746bddbbee1fe13136f42fc0?cid=774b29d4f13844c495f206cafdad9c86,https://i.scdn.co/image/ab67616d0000b273f2d671c22b70e01b78a618a8,0.331,0.235,10,-7.7,1,0.0299,0.918,0,0.137,0.218,171.232,3
2jNbG2ZVvEi0qqt7ut3dnM,L'origine Nascosta,2uFUBdaVGtyMqckSeCl0Qj,Ludovico Einaudi,2020-02-25T12:15:58Z,193880,2007-04-20,False,8,,https://i.scdn.co/image/ab67616d0000b273f467e2ec788dba4079c99bdf,0.248,0.00997,2,-20.631,0,0.0478,0.983,0.867,0.133,0.141,85.634,4
3o9CQiv697LLaqjqof7WiK,Rosanna,3M4ThdJR28z9eSMcQHAZ5G,The Fratellis,2020-02-13T09:39:42Z,211814,2016-04-15,False,25,https://p.scdn.co/mp3-preview/2d6282fa224ebaac0019b4c582ad5451c3af8eef?cid=774b29d4f13844c495f206cafdad9c86,https://i.scdn.co/image/ab67616d0000b2738b3454daed140d9ba7751faa,0.528,0.88,0,-4.409,1,0.0615,0.00021,2.83e-05,0.103,0.658,99.418,4
2J2Z1SkXYghSajLibnQHOa,Unstoppable,5WUlDfRSoLAfcVSX1WnrxN,Sia,2020-02-06T21:08:21Z,217746,2016-01-29,False,66,https://p.scdn.co/mp3-preview/da964c2f57dc006b61ce672ee5e04214e6d247ce?cid=774b29d4f13844c495f206cafdad9c86,https://i.scdn.co/image/ab67616d0000b27349e0134c686547c28b7c999f,0.468,0.779,9,-4.839,1,0.0779,0.112,0.000373,0.101,0.26,173.799,4
5ca1HyQ5Au4SbPeAMUeOlI,"Flashlight - From ""Pitch Perfect 2"" Soundtrack",2gsggkzM5R49q6jpPvazou,Jessie J,2020-02-06T21:05:13Z,209546,2015-05-11,False,0,,https://i.scdn.co/image/ab67616d0000b273f61d92172fdf96b42da99092,0.481,0.632,5,-7.056,1,0.0425,0.299,1.2e-05,0.103,0.44,147.412,4
2XU0oxnq2qxCpomAAuJY8K,Dance Monkey,2NjfBq1NflQcKSeiDooVjY,Tones And I,2020-01-15T16:58:06Z,209438,2019-10-17,False,88,https://p.scdn.co/mp3-preview/535ffea66207a0fc07d57fbaea7b5594be797f9b?cid=774b29d4f13844c495f206cafdad9c86,https://i.scdn.co/image/ab67616d0000b273c6f7af36ecdc3ed6e0a1f169,0.824,0.588,6,-6.4,0,0.0924,0.692,0.000104,0.149,0.513,98.027,4
2bdCO4UTMX1ennK2I4rFpD,Always,5ie2SvXgvXlTpyqkwLtSd7,Isak Danielson,2020-01-15T15:20:20Z,213451,2018-10-19,False,62,,https://i.scdn.co/image/ab67616d0000b273b08cd8096835a28f3e654754,0.69,0.452,11,-8.026,1,0.0472,0.356,0,0.308,0.55,112.963,4
3Ui2jdyxbZQrZohfM0NOgG,Tattoo,2AQjGvtT0pFYfxR3neFcvz,Jordin Sparks,2019-12-17T13:41:05Z,233466,2007-11-20,False,62,https://p.scdn.co/mp3-preview/045199511bd860a198f4fb0f7c773da0ab0a70e3?cid=774b29d4f13844c495f206cafdad9c86,https://i.scdn.co/image/ab67616d0000b273260e2444b3431b3b8b559bc3,0.566,0.766,2,-5.036,1,0.0399,0.431,0,0.101,0.547,168.005,4
77vjMJ0LBNtNy3GhD7um3F,Monday Morning,4O2YL4ygn6eTBC0w1hyWUM,Melanie Fiona,2019-12-17T13:37:13Z,218213,2009-01-01,False,53,https://p.scdn.co/mp3-preview/dd52fe4f96ca23f074951cc08eee4c8a6a692c2a?cid=774b29d4f13844c495f206cafdad9c86,https://i.scdn.co/image/ab67616d0000b273dbf3a2c0229505bdabd31308,0.692,0.679,3,-6.714,0,0.155,0.00502,0,0.327,0.934,90.004,4
1jUA4rb6ZCv4gby4YU53xq,No Air (feat. Chris Brown),2AQjGvtT0pFYfxR3neFcvz,Jordin Sparks,2019-12-15T21:34:04Z,264373,2007-11-20,False,73,https://p.scdn.co/mp3-preview/3fdf0096af650a0ab38749a07a6f879bbb903822?cid=774b29d4f13844c495f206cafdad9c86,https://i.scdn.co/image/ab67616d0000b273260e2444b3431b3b8b559bc3,0.466,0.759,8,-4.978,0,0.199,0.0521,0,0.0587,0.328,160.033,4
4ndOMbxPz8SlQn0EYRzBWB,Un-Break My Heart,3X458ddYA2YcVWuVIGGOYe,Toni Braxton,2019-12-15T21:30:36Z,246080,2009-01-29,False,35,https://p.scdn.co/mp3-preview/b00076882a798e99ccc16db39eaf227547c4b65e?cid=774b29d4f13844c495f206cafdad9c86,https://i.scdn.co/image/ab67616d0000b273560ad11ec0217ab0655f05ed,0.63,0.404,11,-9.397,0,0.0303,0.43,0,0.286,0.12,110.055,4
5WtfUKzXircvW8l5aaVZWT,What A Time (feat. Niall Horan),0ZED1XzwlLHW4ZaG4lOT6m,Julia Michaels,2019-12-13T08:02:44Z,173306,2019-01-24,False,74,https://p.scdn.co/mp3-preview/3d5ae252ad199f2baa64a1532def0bd4f0a39ce9?cid=774b29d4f13844c495f206cafdad9c86,https://i.scdn.co/image/ab67616d0000b2737e706949994bcef39b09da4e,0.516,0.467,0,-6.184,1,0.0302,0.662,0,0.0853,0.386,132.861,4
7xJWAZjUNO9oShPCWAtiQm,Szociálisan Érzékeny Dal,1M7KsIoOlY1CK4h0bFkjIf,Lóci Játszik,2019-12-05T22:20:47Z,140386,2015-04-22,False,28,https://p.scdn.co/mp3-preview/fd808ba8cdb7fcf8c57996fe7c2d64b7aa7da009?cid=774b29d4f13844c495f206cafdad9c86,https://i.scdn.co/image/ab67616d0000b2735e77a8740201e226394d5668,0.592,0.714,9,-4.364,0,0.0496,0.277,0,0.101,0.809,111.951,4
47Bg6IrMed1GPbxRgwH2aC,Best Friend,7pbDxGE6nQSZVfiFdq9lOL,Rex Orange County,2019-12-05T22:14:58Z,262231,2017-01-25,True,79,https://p.scdn.co/mp3-preview/c3d4d60709c7441f949a1ff538d1cbbca90934ae?cid=774b29d4f13844c495f206cafdad9c86,https://i.scdn.co/image/ab67616d0000b27333a6b45fa8354efe37633964,0.575,0.714,6,-5.247,1,0.0596,0.395,0,0.115,0.32,144.982,4
4BFMQ15vXr626UOoZL8bUI,"(I've Had) The Time of My Life - From ""Dirty Dancing"" Soundtrack",1XE70WwxhnrXNAJYQQ9ygx,Bill Medley,2019-07-29T11:22:35Z,289066,2004-07-02,False,69,https://p.scdn.co/mp3-preview/a8fb0eb28d9d8f6ca56252a18ba84ecbe434a294?cid=774b29d4f13844c495f206cafdad9c86,https://i.scdn.co/image/ab67616d0000b273927530e44371f0bc1bb296d4,0.7,0.781,6,-8.255,0,0.0507,0.0874,0.00342,0.059,0.385,108.695,4
2CW1geAxlM04INRmcoytvW,Runaway,6eUKZXaKkcviH0Ku9w2n3V,Ed Sheeran,2019-07-09T03:44:25Z,205133,2013,False,35,https://p.scdn.co/mp3-preview/ed62d9ac93e4c3db0f7415f1b390a41430a5733c?cid=774b29d4f13844c495f206cafdad9c86,https://i.scdn.co/image/ab67616d0000b273d08209944468440145f01524,0.767,0.449,8,-7.158,0,0.0364,0.024,0.000299,0.151,0.908,95.03,4
1wjzFQodRWrPcQ0AnYnvQ9,I Like Me Better,5JZ7CnR6gTvEMKX4g70Amv,Lauv,2019-06-26T15:45:06Z,197436,2017-05-19,False,8,,https://i.scdn.co/image/ab67616d0000b273fab48816b625e2a77a732400,0.752,0.505,9,-7.621,1,0.253,0.535,2.55e-06,0.104,0.419,91.97,4
4DDzkbIwmJVAAo1yJmr5V1,7 Days,2JyWXPbkqI5ZJa3gwqVa0c,Craig David,2019-06-25T13:33:53Z,235213,2000-08-14,False,0,,https://i.scdn.co/image/ab67616d0000b273fc5d04af946ab1c572278415,0.622,0.823,4,-7.545,0,0.0512,0.216,0,0.0966,0.862,166.019,4
5XMkENs3GfeRza8MfVAhjK,Finesse,0du5cEVh5yTK9QJze8zA0C,Bruno Mars,2019-05-30T12:49:38Z,191000,2016-11-17,False,69,https://p.scdn.co/mp3-preview/774b3bddb6642c5a7c7e4dd6004b89288c0f74d9?cid=774b29d4f13844c495f206cafdad9c86,https://i.scdn.co/image/ab67616d0000b273232711f7d66a1e19e89e28c5,0.741,0.798,5,-5.342,0,0.0718,0.00781,0,0.0232,0.939,104.953,4
2dpaYNEQHiRxtZbfNsse99,Happier,64KEffDW9EtZ1y2vBYgq8T,Marshmello,2019-05-30T11:22:52Z,214289,2018-08-17,False,84,https://p.scdn.co/mp3-preview/f59db3db3ac00c3531023b6c486bce473715e220?cid=774b29d4f13844c495f206cafdad9c86,https://i.scdn.co/image/ab67616d0000b27304bfd5a5fd5aa6ca648f66aa,0.687,0.792,5,-2.749,1,0.0452,0.191,0,0.167,0.671,100.015,4
4sNG6zQBmtq7M8aeeKJRMQ,Brazil,2D4FOOOtWycb3Aw9nY5n3c,Declan McKenna,2019-05-04T16:48:02Z,252306,2017-07-21,False,73,https://p.scdn.co/mp3-preview/c0c5386216d6ce3016954eef0d25c9a277c6d7f0?cid=774b29d4f13844c495f206cafdad9c86,https://i.scdn.co/image/ab67616d0000b273ec8be21d32e663885fbb244e,0.687,0.617,4,-5.213,1,0.0287,0.0941,1.27e-05,0.0898,0.665,121.079,4
74lfGn1j0rBJ3YqR2mo4oU,Paracetamol,2D4FOOOtWycb3Aw9nY5n3c,Declan McKenna,2019-05-04T16:48:02Z,318373,2017-07-21,False,54,https://p.scdn.co/mp3-preview/528db040f32733948ea94cf4b6ff742ee2be560b?cid=774b29d4f13844c495f206cafdad9c86,https://i.scdn.co/image/ab67616d0000b273ec8be21d32e663885fbb244e,0.489,0.681,7,-6.32,1,0.0294,0.1,9.02e-06,0.637,0.132,83.996,4
0tgVpDi06FyKpA1z0VMD4v,Perfect,6eUKZXaKkcviH0Ku9w2n3V,Ed Sheeran,2018-10-28T01:10:55Z,263400,2017-03-03,False,86,https://p.scdn.co/mp3-preview/9779493d90a47f29e4257aa45bc6146d1ee9cb26?cid=774b29d4f13844c495f206cafdad9c86,https://i.scdn.co/image/ab67616d0000b273ba5db46f4b838ef6027e6f96,0.599,0.448,8,-6.312,1,0.0232,0.163,0,0.106,0.168,95.05,3
6mORGLOz79w6VsCRLWYYuK,The Night We Met,6ltzsmQQbmdoHHbLZ4ZN25,Lord Huron,2018-09-06T11:53:13Z,208211,2015-04-06,False,16,,https://i.scdn.co/image/ab67616d0000b273ee6611c95f868e465c98a0b2,0.443,0.369,9,-9.514,1,0.0441,0.969,0.277,0.638,0.0989,174.107,3
79DO6dBi8936P6EShLB209,Lightning Bolt,4hf3caW9H8uFwwbv5pFjcg,Jake Bugg,2018-07-23T09:46:14Z,144013,2012-01-01,False,61,https://p.scdn.co/mp3-preview/111be9f05bca688517503665d00b64092728499a?cid=774b29d4f13844c495f206cafdad9c86,https://i.scdn.co/image/ab67616d0000b2731f028a147500800d81ac1b32,0.551,0.839,9,-4.555,1,0.0787,0.0818,0,0.151,0.681,116.051,4
6hVtIzEVNWsfr32zvuGE1e,Ha El Akarsz Hagyni,1SN71xW3yOVbPgsGFBMXTZ,Csaknekedkislány,2017-12-12T16:25:22Z,223059,2016-09-05,False,6,,https://i.scdn.co/image/ab67616d0000b273b59b6813afd2d6dec5dec659,0.575,0.747,4,-8.344,0,0.0465,0.277,0.0117,0.108,0.486,97.758,4
3CqELUCD4xPw5ERPXTyPq1,Heaven,2swvbEAfN70ZFcQB4Y7MaS,Richie Campbell,2017-05-05T14:40:10Z,235200,2017-04-21,False,35,https://p.scdn.co/mp3-preview/48737da6ee4a7316869b8561da94a0b2632c059b?cid=774b29d4f13844c495f206cafdad9c86,https://i.scdn.co/image/ab67616d0000b2731cc4a325a455bdf9e6d33916,0.591,0.545,8,-8.658,0,0.167,0.277,0,0.0962,0.544,132.713,5
